,store,si-do-gu,address,phone
0,전북 군산시,(하)군산휴게소점,전북특별자치도 군산시 성산면 서해안고속도로 141 군산휴게소 하행 1F HOLLYS,.
1,충북 음성군,(하)금왕휴게소점,충청북도 음성군 금왕읍 평택제천고속도로 70 .,.
2,충북 음성군,(상)금왕휴게소점,충청북도 음성군 금왕읍 평택제천고속도로 69 .,.
3,경남 창원시 진해구,진해경화점,경상남도 창원시 진해구 조천북로 76 (경화동) 1층,055-547-9906
4,충북 옥천군,금강휴게소점,충청북도 옥천군 동이면 금강로 596 1층,.
5,인천 연수구,인천항국제여객터미널점,인천광역시 연수구 국제항만대로326번길 57 (인천항국제여객터미널 204호) /송도동 300-3,070-4139-9947
6,인천 중구,인천공항T1 4F점,"인천광역시 중구 공항로 272 (운서동, 인천공항) T1 4F",032-743-3718
7,서울 동대문구,경희대푸른솔문화관점,서울특별시 동대문구 경희대로 26 경희대학교 푸른솔문화관 1층,.
8,서울 동대문구,경희대간호이과대점,서울 동대문구 경희대로 26 경희대학교 간호이과대 지하2층,.
9,충북 보은군,속리산휴게소점,충청북도 보은군 마로면 적암길 56-18 /적암리 181-3,.
10,경기 평택시,평택이충DT점,경기도 평택시 추담로 30 (이충동 59) .,031-666-7034
11,서울 강남구,역삼역점,"서울특별시 강남구 논현로 503 (역삼동, 송촌빌딩) 제1층 1호 .",02-318-6381
12,서울 중구,충무로역점,"서울특별시 중구 퇴계로36길 2 (필동2가, 동국대학교충무로영상센터) .",02-2268-8960
13,경기 평택시,평택지산점,"경기도 평택시 지산로 10, 가이아프레지던스 1층  지산동 808-4, 101,102호",031-8029-9005
14,서울 영등포구,FKI타워2호점,"서울특별시 영등포구 여의대로 24 (여의도동, 에프케이아이타워) 1층",02-782-3647
15,인천 중구,인천공항T1탑승동점,인천광역시 중구 공항로 272 (인천공항) 탑승동 A/S 3층,032-743-3720
16,부산 강서구,부산명지강변DT점,부산광역시 강서구 르노삼성대로 586 (명지동) 1-3층,051-710-2800
17,전북 전주시 덕진구,전북대의과대점,"전북특별자치도 전주시 덕진구 건지로 20 (금암동, 전북대학교병원) 의학계학생회관1층",063-270-4597
18,강원 인제군,(하)내린천휴게소점,"강원도 인제군 상남면 서울양양고속도로 117 양양방향 내린천휴게소, 1층",.
19,강원 인제군,(상)내린천휴게소점,강원도 인제군 상남면 서울양양고속도로 117  서울방향 내린천휴게소 4층,.
20,대전 서구,대전호수공원점,"대전광역시 서구 도안동로 234-42 1,2층 도안동 2336",070-8862-8826
21,부산 남구,국립부경대청운관점,"부산광역시 남구 용소로 45 (대연동, 국립부경대학교대연캠퍼스) 청운관 1층",051-629-7419
22,강원 홍천군,(상)홍천휴게소R점,강원도 홍천군 화촌면 서울양양고속도로 83 .,.
23,경기 이천시,이천점,"경기도 이천시 어재연로 35, 1~3층 (창전동 160-25)",031-635-6655
24,충남 공주시,(하)정안알밤휴게소점,충청남도 공주시 정안면 논산천안고속도로 57 (정안하행휴게소) .,
25,충남 공주시,(상)정안알밤휴게소점,충청남도 공주시 정안면 논산천안고속도로 58 (정안상행휴게소) .,
26,제주 제주시,제주곽지해수욕장점,제주특별자치도 제주시 애월읍 곽지3길 27-1 2~3층,064-799-1137 
27,서울 동작구,신대방삼거리역점,서울특별시 동작구 상도로 60 (대방동) 1층~2층,02-823-2377
28,대전 중구,대전삼부스포렉스점,"대전광역시 중구 태평로 83, 삼부스포렉스 1층 (태평동 408-11) .",042-301-9960
29,전북 익산시,익산부송점,"전라북도 익산시 하나로10길 70-1 (부송동, 레스트빌딩 1층) .",063-832-1717
30,경남 창원시 진해구,진해속천점,경상남도 창원시 진해구 태평로 132 (속천동) 2~3층,070-7786-1019
31,서울 영등포구,여의도포스트타워점,서울특별시 영등포구 여의나루로 60 포스트타워 여의도 1층 ,02-2135-5321
32,서울 영등포구,대림역점,서울특별시 영등포구 도림로 140 대림빌딩 101호,02-834-1000
33,충남 보령시,대천비치점,충청남도 보령시 해수욕장4길 12 (신흑동) .,070-4146-0406
34,부산 동래구,부산동래온천점,부산광역시 동래구 금강로 116 (온천동) 금강메디컬타워 1층,051-923-5538
35,서울 서대문구,충정로역점,서울특별시 서대문구 경기대로 26-26 어바니엘충정로 201동 지하1층 102호,02-363-0807
36,부산 사하구,부산고신대의과대학점,부산광역시 서구 감천로 262 고신의대 강의동 1층,051-710-7565
37,대구 수성구,대구수성못DI점,대구광역시 수성구 용학로 62 1~2층,053-761-7186
38,경남 진주시,경상국립대학생회관점,경상남도 진주시 진주대로 501 경상국립대 학생회관 1층,055-772-0931
39,서울 양천구,서서울공원점,서울특별시 양천구 남부순환로58길 37 신월동 205-36,070-4277-6756
40,세종 세종시,AK&세종점,세종특별자치시 한누리대로 411 KT&G 세종타워A,044-960-5377
41,경기 고양시 일산동구,일산장항점,"경기도 고양시 일산동구 중앙로1275번길 56 (장항동, 루비튜스데이) 1~2층",031-903-9991
42,전북 전주시 덕진구,전북대 후생관점,전북특별자치도 전주시 덕진구 백제대로 567 후생관 1층,.
43,전북 전주시 덕진구,전북대 진수당점,전북 전주시 덕진구 백제대로 567 (전북대 진수당 연구동 1층) .,.
44,전북 전주시 덕진구,전북대 중도라운지점,전북 전주시 덕진구 백제대로 567 중앙도서관 1층,.
45,서울 동대문구,경희대 청운관점,서울 동대문구 경희대로 26 청운관 지하1층,.
46,서울 강북구,덕성여대점,서울시 강북구 삼양로 547 1~3층,02-6093-0011
47,전북 전주시 덕진구,전주백제대로점,전라북도 전주시 덕진구 백제대로 592 1층,063-271-5056
48,서울 영등포구,당산1가점,"서울특별시 영등포구 양산로 146, DE' HAR (당산동1가 256,258)",02-2679-7942
49,경북 예천군,경북도청점,경북 예천군 호명면 산합리 1427 1~2층,054-654-0048
50,부산 사상구,부산백양대로DI점,부산광역시 사상구 백양대로 621 (괘법동) 2~4층,051-324-7779
51,경기 성남시 분당구,분당미금점,"경기도 성남시 분당구 미금일로90번길 24, B1F ~ 1F 구미동 35-3 ",010-6857-5532
52,부산 기장군,부산일광신도시점,부산광역시 기장군 일광읍 해빛6로 43-20 .,070-4790-2715
53,서울 중구,메리츠봉래타워점,서울시 중구 칠패로 28 메리츠강북타워 1층,02-753-8835
54,경기 고양시 덕양구,고양시청DI점,경기도 고양시 덕양구 호국로 730 2F,031-812-0105
55,강원 원주시,(춘)치악휴게소점,강원도 원주시 신림면 다리실2길 32 .,유선없음
56,인천 남동구,간석오거리점,인천광역시 남동구 남동대로 931 (간석동) 씨앤케이 웨딩홀,032-425-0915
57,대구 수성구,대구범어천로점,"대구광역시 수성구 범어천로 200 (범어월드메르디앙웨스턴카운티) 102호, 201호",053-759-5779
58,서울 강동구,고덕비즈밸리점,서울특별시 강동구 고덕비즈밸리로 38 (고덕동) KS타워 101호~102호,070-7782-0055
59,경남 창원시 의창구,창원팔용점,경상남도 창원시 의창구 창원대로18번길 6-8 (팔용동) .,055-298-3434
60,서울 강남구,파르나스몰점,"서울특별시 강남구 테헤란로 521 (삼성동, 파르나스타워) 파르나스몰 내 B1층 F-3a호",02-3453-1024
61,서울 노원구,석계역점,서울시 노원구 화랑로 325 1층,02-942-1345
62,강원 동해시,동해묵호점,강원특별자치도 동해시 해안로 368 1~3층,033-534-8902
63,충남 홍성군,충남도청점,충청남도 홍성군 홍북읍 청사로174번길 25 (성원타워) 신경리 553,041-631-4725
64,세종 세종시,세종국책연구단지점,"세종특별자치시 시청대로 370 (반곡동, 나라키움세종국책연구단지) .",044-865-4684
65,부산 사하구,동아대 인문대점,"부산광역시 사하구 낙동대로550번길 37 (하단동, 동아대학교) S01 인문대 카페",051-200-6165
66,경남 진주시,경상대 느티마루점,"경상남도 진주시 진주대로 501 (가좌동, 경상국립대학교가좌캠퍼스) .",.
67,대구 북구,경북대 크누라운지점,"대구광역시 북구 대학로 80 (산격동, 경북대학교) .",.
68,서울 성북구,국민대 성곡도서관점,"서울특별시 성북구 정릉로 77 (정릉동, 국민대학교) 도서관 지하1층",02-910-4954
69,광주 북구,atti-C 2023점,"광주광역시 북구 용봉로 77 (용봉동, 전남대학교) .",062-530-0040
70,서울 동대문구,경희대 경영대점,서울특별시 동대문구 경희대로 26 (회기동) 경영대학 3층,.
71,광주 서구,광주상무점,"광주광역시 서구 상무연하로 16 (치평동, 스마일빌딩) 1층 109호",062-371-7778
72,충북 청주시 청원구,청주내수DI점,충청북도 청주시 청원구 내수읍 충청대로 410-19 1F-2F 구성리 251-53,043-241-0517
73,서울 중구,명동역점,"서울특별시 중구 퇴계로 131 (충무로2가, 신일빌딩) .",02-752-5925
74,인천 부평구,인천굴포천역점,"인천광역시 부평구 충선로209번길 49 (삼산동, 삼산노블시티프라자) 삼산동 463-2, 103,104,105호",070-4400-4664
75,대구 서구,대구팔달교DT점,대구광역시 서구 팔달로 34 1~2층,0507-1323-9597
76,인천 중구,인천공항교통센터점,"인천광역시 중구 공항로 272 (운서동, 인천공항) 인천국제공항 제1여객터미널 지하1층(실번호 2-32-07)",032-743-3718
77,부산 중구,한국선원센터점,"부산광역시 중구 충장대로9번길 66 (중앙동4가, 한국선원센터) (중앙동4가 74-7)1층",070-4070-7506
78,제주 제주시,제주애월천덕로점,제주특별자치도 제주시 애월읍 천덕로 238-1 다동 1층 납읍리 2513-1,064-799-6667
79,경기 화성시,화성만세DT점,경기도 화성시 향남읍 서해로 191 1층,070-5159-5942
80,대구 달서구,대구장기점,대구광역시 달서구 장기로 268 1~2층,053-522-0666
81,부산 연제구,부산연산점,부산광역시 연제구 반송로 89 (연산동) 1층,051-989-3296
82,경기 안양시 동안구,평촌점,경기도 안양시 동안구 관평로170번길 43 (훼미리타운) 1층,031-385-3400
83,인천 남동구,남동케이원점,"인천광역시 남동구 비류대로 622 (남촌동) 남동산단케이원 1층 105,106,108호 (남촌동)",032-821-9110
84,충북 청주시 흥덕구,오송역사점,충청북도 청주시 흥덕구 오송읍 오송가락로 123 (오송역 2층 맞이방) 봉산리 370-31,.
85,경북 구미시,구미CGV점,"경상북도 구미시 구미중앙로 44 (멀티복합상가) 원평동68-1, 1층",054-604-0375
86,울산 북구,울산정자해변점,울산광역시 북구 동해안로 1544 (정자동) A동 1층~2층,052-281-0620
87,부산 부산진구,부산서면일번가점,부산광역시 부산진구 서면로68번길 52 (부전동) 1층,051-819-1449
88,강원 강릉시,강릉안목해변점,"강원특별자치도 강릉시 창해로14번길 34-1 (견소동) 견소동283-6,견소동132",070-7575-0184
89,경북 경주시,경주용강DT점,"경상북도 경주시 산업로 4510 (용강동, 용강주유소) .",070-7575-0185
90,전북 군산시,군산수송점,"전라북도 군산시 수송북로 22. 수송동 831-1,1층",063-467-9500
91,광주 북구,광주운암점,광주광역시 북구 북문대로 184 (운암동) .,062-531-7711
92,경기 이천시,이천축산농협점,경기도 이천시 구만리로 107 (진리동) 진리동 371-2,031-635-6694
93,경기 구리시,구리돌다리점,경기도 구리시 경춘로227번길 14 (인창동) 1층,031-564-4565
94,서울 성동구,소월아트홀점,서울특별시 성동구 왕십리로 275-1 (행당동 133-2) .,02-2294-7002
95,서울 송파구,송파거여역점,"서울특별시 송파구 오금로 513 (위례빌딩,1층)  거여동 37",02-449-6232
96,경북 경주시,경주주상절리점,경상북도 경주시 양남면 동해안로 486 .,054-743-3780
97,충남 홍성군,(하)홍성휴게소점,충청남도 홍성군 은하면 금국리 275-2 .,041-642-1172
98,충남 홍성군,(상)홍성휴게소점,충청남도 홍성군 은하면 서해안고속도로 220 .,041-642-1172
99,울산 울주군,울산KTX점,울산광역시 울주군 삼남읍 도호1길 38 1층,052-937-8887
100,경기 성남시 분당구,분당파크타운점,"경기도 성남시 분당구 내정로 170 (수내동, 동신파크빌딩) .",031-713-8570
101,경기 하남시,하남덕풍점,경기도 하남시 덕풍북로 2 .,070-4791-4731
102,대전 중구,대전오류점,"대전광역시 중구 계룡로 876 메종드메디컬빌딩 104호, 202호 .",042-522-3141
103,충남 계룡시,계룡대점,충청남도 계룡시 신도안면 신도안1길 43 (계룡스포츠센터) 계룡스포츠센터 1층,042-551-5508
104,대전 서구,대전타임월드점,대전광역시 서구 둔산로 32-13(둔산동) .,042-489-1315
105,경북 구미시,구미오태DT점,경상북도 구미시 금오대로 320 .,054-461-0348
106,경기 고양시 덕양구,화정DI점,경기도 고양시 덕양구 화신로 254 (화정동) .,031-971-4097
107,부산 중구,부산광복점,부산광역시 중구 광복로 70 (광복동2가) .,051-253-8033
108,경기 과천시,과천정보타운점,"경기도 과천시 과천대로7가길 20 (갈현동,프리즘스퀘어1 1층 101호) 갈현동 산32 ",02-6958-6720
109,경기 양평군,양평북한강DI점,경기도 양평군 양서면 양수로118번길 29 할리스,031-8079-7090
110,전북 완주군,완주삼봉점,전라북도 완주군 삼례읍 신기길 5-3 수계리 1212-4,063-261-2003
111,서울 송파구,잠실새내역점,"서울특별시 송파구 올림픽로12길 8 (잠실동, 제일빌딩) .",02-416-2085
112,경기 화성시,화성남양점,경기 화성시 역골중앙로 115 1층 남양읍 남양리 2279-2,031-8067-7760
113,경기 여주시,여주교동DI점,경기도 여주시 향교로 17 (창동) 1층~2층 /창동 183-4,031-882-8121
114,서울 중랑구,중랑역점,서울특별시 중랑구 망우로 210 (상봉동) .,02.6085.7858
115,경기 성남시 분당구,분당서울대병원점,"경기도 성남시 분당구 구미로173번길 82 (구미동, 분당서울대학교병원) 본관 1동",031-8039-6020
116,서울 광진구,강변역점,"서울 광진구 구의강변로 64, 구의아크로리버 1층 구의동 589-10",070-7802-0303
117,대구 수성구,대구중동점,대구 수성구 중동 322-14 .,053-767-4326
118,경기 오산시,오산궐동점,경기 오산시 궐리사로 34 1층 (백충빌딩 1층) 궐동 670-1,031-374-7999
119,경기 오산시,오산역점,"경기도 오산시 오산로 195 (오산동, 명신예식홀) 오산동 882-1",031-8042-7719
120,서울 용산구,용산아이파크몰점,"서울특별시 용산구 한강대로23길 55, 서관 4층 (한강로3가, 용산역) .",02-2012-0473
121,서울 강서구,등촌역점,서울특별시 강서구 등촌로 229 1~2층,02-2655-2290
122,부산 사상구,부산서부터미널점,"부산광역시 사상구 사상로 201 (괘법동, 서부시외버스터미널) .",051-323-0305
123,강원 춘천시,춘천강원대점,강원특별자치도 춘천시 서부대성로 229 (효자동) .,033-253-0425
124,인천 연수구,송도대홍프라자점,인천광역시 연수구 해돋이로152번길 9 /송도동 21-57,032-710-3810
125,전남 순천시,순천조례점,전라남도 순천시 충효로 109 (디지털프라자전자랜드) /조례동 1264,061-902-7288
126,충남 논산시,논산내동점,"충청남도 논산시 대학로65번길 6-5 101,102,201호 /내동 1189",041-733-4855
127,서울 구로구,오류동점,"서울특별시 구로구 경인로 224 (오류동, 칸타빌레5차) .",02-2625-4854
128,경기 부천시 원미구,부천역점,"경기도 부천시 부일로 448 (심곡동, 프리존빌딩) 110호, 204호",032-665-8255
129,경기 화성시,화성병점점,경기도 화성시 병점동로 105,031-233-4686
130,전북 군산시,군산은파유원지DI점,전라북도 군산시 백토로 284-35 나운동 191-70,063-467-1199
131,서울 송파구,잠실학원사거리점,"서울특별시 송파구 석촌호수로 130 (삼전동, 신원빌딩) 삼전동 1-1외 3필지",02-3431-4662
132,경북 구미시,구미시청점,경상북도 구미시 송정대로 54 (송정동) .,054-452-8297
133,경기 화성시,화성향남DT점,"경기도 화성시 향남읍 향남로 306 방축리294,295-2번지",070-7575-0745
134,서울 강서구,발산역점,서울특별시 강서구 강서로 357 (내발산동) .,02-2663-4976
135,서울 양천구,목동파리공원점,"서울특별시 양천구 목동서로 57 (목동, 현대파리지앙) .",02-2645-8497
136,인천 부평구,인천한길안과병원점,"인천광역시 부평구 부평대로 37 (부평동 543-35, 정명빌딩한길안과병원) .",032-503-3379
137,서울 은평구,북한산DI점,"서울특별시 은평구 북한산로 248-8 (진관동, 자돈) .",02-3157-4843
138,울산 중구,울산성남점,"울산광역시 중구 만남의거리 33, 1F 성남동 256-16",052-211-4741
139,경북 구미시,구미상모사곡점,경상북도 구미시 박정희로 259 (사곡동) .,054-457-7772
140,서울 구로구,신도림테크노마트점,서울특별시 구로구 새말로 97 (신도림테크노마트) 104~106호,02-2111-1300
141,제주 제주시,제주황사평DT점,제주특별자치도 제주시 연북로 756 1~2층,064-722-2529
142,서울 중구,KG타워점,"서울특별시 중구 통일로 92 (순화동, 케이지타워) 1층",02-777-5559
143,서울 송파구,올림픽공원역점,"서울특별시 송파구 올림픽로 424 (방이동, 올림픽공원) (A-3동 C구역 )",02-420-9997
144,울산 북구,울산매곡점,울산광역시 북구 신기17길 3 (매곡동) 1-2층,052-292-5522
145,서울 마포구,신촌역점,"서울특별시 마포구 신촌로 88 (노고산동, 태영빌딩) 2층",02-325-7588
146,울산 중구,울산국가정원점,울산광역시 중구 태화강국가정원길 201 (태화동) .,052-245-8497
147,서울 노원구,노원역점,"서울특별시 노원구 노해로 488 (상계동, 근호빌딩) 1층",02-933-8824
148,경기 남양주시,다산제이원점,경기도 남양주시 다산중앙로82번안길 28 (다산동) 124~126호,031.558.8885
149,경기 고양시 일산동구,BMC점,경기도 고양시 일산동구 동국로 32 산학협력관 1층,031-961-5692
150,전북 전주시 덕진구,전북대덕진광장점,전라북도 전주시 덕진구 덕진광장로12 1~2층,063-272-2400
151,서울 금천구,가산대륭22차점,"서울특별시 금천구 가산디지털1로 146 109,110,111호",02-2059-1131
152,경남 진주시,진주초전점,경상남도 진주시 초북로20번길 5 1층 /초전동 1710-7,070-7801-1029
153,강원 원주시,연세대학교원주장례식장점,강원도 원주시 일산로 20 장례식장 1층,033-735-3335
154,강원 원주시,원주세브란스기독병원점,강원도 원주시 일산로 20 원주세브란스기독병원 외래센터 1층,033-735-3339
155,충남 공주시,(논)탄천휴게소2호점,충청남도 공주시 탄천면 논산천안고속도로 27 (탄천하행휴게소) .,.
156,경기 의정부시,의정부역점,"경기도 의정부시 신흥로232번길 5-31,(의정부동, 아이비타워) 1층",031-876-7006
157,제주 제주시,이도점,제주특별자치도 제주시 중앙로 302 (더스프링) 이도이동 1025-9,070-7694-2323
158,서울 마포구,연트럴파크점,서울특별시 마포구 동교로 233 (연남동) .,02-335-7805
159,서울 강남구,강남우리라운지점,서울특별시 강남구 테헤란로 301 역삼동 701-02 삼정빌딩 L층,02-566-1002
160,경기 수원시 영통구,수원영통점,경기도 수원시 영통구 청명남로 10 /영통동 1000-1,031-202-3356
161,서울 용산구,이태원역점,서울특별시 용산구 이태원로 180 2층~3층,02-749-8752
162,서울 양천구,오목교역점,"서울특별시 양천구 오목로 344 (목동, 청학빌딩) 1층",02-2062-8405
163,대구 서구,메가박스프리미엄만경관점,대구 중구 국채보상로 547 MMC 만경관 4층 .,070-7717-2192
164,전남 순천시,순천신대점,전라남도 순천시 해룡면 향매로 67 신대리 1978,061-723-5185
165,서울 금천구,시흥사거리점,서울특별시 금천구 시흥대로 225 1층 시흥동 994-9,02-804-9226
166,전북 전주시 완산구,전주효천점,"전라북도 전주시 완산구 쑥고개로 351, 1층 101호~102호 /효자동2가 1326-4",063-224-5777
167,제주 제주시,제주도두해안DT점,제주특별자치도 제주시 도두일동 1686 .,064-745-7301
168,경기 고양시 덕양구,고양향동점,"경기도 고양시 덕양구 향기3로 9, 101호 향동동 536",02-3158-0031
169,광주 북구,광주북구청점,광주광역시 북구 서방로 2 .,062-511-8002
170,부산 부산진구,부산시민공원점,"부산 부산진구 시민공원로 73, 푸드코트피크닉 /범전동 200",.
171,서울 강남구,강남역2점,"서울특별시 강남구 강남대로 422 (역삼동) 역삼동816,816-7,816-8",02-568-9056
172,서울 용산구,숙대입구점,서울특별시 용산구 청파로 276 2층~3층,02-704-9636
173,경남 김해시,김해복음병원점,경상남도 김해시 활천로 42 (삼정동) .,055-723-2053
174,서울 서대문구,홍제천점,"서울특별시 서대문구 홍제내길 52,1~2층 (홍제동 361-49) .",02-396-0903
175,경기 고양시 일산동구,롯데시네마라페스타점,"경기도 고양시 일산동구 무궁화로 32-34 (장항동, 라페스타C) 3층",070-7733-0384
176,대전 유성구,충남대점,대전광역시 유성구 대학로 84 (482-6) .,070-7543-1009
177,서울 종로구,종각역점,서울특별시 종로구 종로 60-1 종로2가 102-3,02-736-3399
178,부산 사하구,부산아트몰링영풍문고점,부산광역시 사하구 낙동남로 1413 아트몰링 13층,051-999-7122
179,경기 광명시,광명GIDC점,"경기도 광명시 일직로 43, 지하2층 G249, G250호 /일직동 514 ",02-6914-6550
180,경기 시흥시,시흥능곡점,"경기도 시흥시 능곡번영길 25, 아리테브릿지 107,108,205,206호 (능곡동 211-3)",070-8806-1314
181,경기 평택시,평택칠괴점,"경기도 평택시 칠괴길 84,1층 (101호, 104호) 칠괴동 492 ",031-665-1770
182,경기 평택시,송탄서정점,"경기도 평택시 경기대로 1371,102호 서정동 814-1",031-611-0234
183,서울 동작구,X-260211장승배기역점,"서울특별시 동작구 장승배기로11가길 11, 1층 105호 (상도파크자이)",02-812-9330
184,경남 김해시,김해인제대점,경상남도 김해시 인제로 168 (어방동) 정석빌딩101호,055-314-8589
185,전남 순천시,순천성가롤로병원점,"전남 순천시 순광로 221, 순천성가롤로병원 별관 2층 조례동 1742",061-905-0013
186,부산 부산진구,부산동의대점,부산광역시 부산진구 엄광로 176 (가야동 464-108) .,051-893-6679
187,울산 남구,울산삼산로점,"울산광역시 남구 삼산로 283 (삼산동, 소망빌딩) 삼산동1525-8,1525-9",052-275-9004
188,충남 공주시,동학사점,"충남 공주시 반포면 동학사2로 133 1,2층 .",070-8836-8038
189,경기 부천시 원미구,부천순천향병원점,경기도 부천시 조마루로 170(중동) 본관 지하 1층 .,.
190,전북 전주시 완산구,전주시네마점,전라북도 전주시 완산구 전주객사3길 67 (전주시네마타운) 1~2층,063-232-9448
191,충남 천안시 동남구,천안신부점,"충청남도 천안시 동남구 만남로 26 (신부동, 대영빌딩) 454-5번지, 4~5층",041-566-5085
192,경기 평택시,삼성전자평택캠퍼스점,경기도 평택시 삼성로 144 반도체공장 복지관 1층(고덕면 여염리 1648) .,031-8094-9981
193,충남 아산시,천안아산역사점,충청남도 아산시 배방읍 희망로 100 (천안아산역) 3층 맞이방,0507-1413-5088
194,부산 서구,부산서구청점,"부산광역시 서구 보수대로 9 1층 104호 (바른빌딩,충무동1가 3-1)",070-4647-1455
195,울산 울주군,울산율리점,울산광역시 울주군 청량읍 율리영해1길 46 1층,052-221-1030
196,전북 부안군,(하)부안고려청자휴게소점,전라북도 부안군 주산면 서해안고속도로 103 (하)부안고려청자휴게소 목포방향,.
197,전북 부안군,(상)부안고려청자휴게소점,전라북도 부안군 주산면 서해안고속도로 106 (주산면) (상)부안고려청자휴게소점 서울방향,.
198,경기 화성시,(하)화성휴게소점,경기 화성시 팔탄면 서해안고속도로 301-1 화성휴게소 (하행),유선전화없음
199,경기 화성시,(상)화성휴게소점,경기도 화성시 팔탄면 서해안고속도로 302 화성휴게소(상행),유선전화없음
200,서울 동작구,중앙대점,서울특별시 동작구 흑석로 77 1~4층 .,02-3280-3280
201,경기 고양시 덕양구,고양신원점,"경기도 고양시 덕양구 권율대로 896-19 101,201호 (신원동 636-3)",02-381-7666
202,경기 부천시 원미구,부천심곡점,경기도 부천시 장말로 376  심곡동 355-1,.
203,제주 제주시,제주연북로DI점,제주특별자치도 제주시  오남로 166 (오라이동 1550-11),070-4123-5111
204,전북 군산시,군산선유도점,전라북도 군산시 옥도면 선유북길 125-1 선유도리 213-3,063-464-9314
205,서울 종로구,독립문역점,"서울특별시 종로구 통일로 230 (무악동, 경희궁롯데캐슬) 상가동 1층,117호  .",010-2594-7308
206,전북 익산시,익산모현점,전라북도 익산시 선화로3길 16-10 1층,063-842-8420
207,서울 종로구,성균관대점,서울특별시 종로구 성균관로 6 (명륜2가 204) 1~4층,02-743-8526
208,대전 서구,대전건양대병원점,"대전광역시 서구 관저동로 158 (관저동, 건양대학교병원) 신관 B1 .",042-543-3138
209,대전 유성구,대전유성온천점,대전 유성구 온천로 45  1층,042-825-2023
210,경기 시흥시,스틸랜드점,"경기도 시흥시 오이도로 21 (정왕동, STEELLAND) 1층",070-8802-8041
211,경남 거제시,거제휴게소점,경상남도 거제시 장목면 거가대로 1068 .,055-736-2200
212,부산 강서구,가덕휴게소점,부산광역시 강서구 거가대로 2571 (천성동) .,051-715-2200
213,서울 노원구,태릉입구역점,서울특별시 노원구 화랑로 453 (그린힐) 1층,02-976-0078
214,경남 창원시 마산합포구,마산저도점,경상남도 창원시 마산합포구 구산면 해양관광로 1872-50 2~3층,055-243-1052
215,충북 옥천군,충북옥천점,충청북도 옥천군 옥천읍 송신길 172 /서대리 13-2,043-731-5560
216,경기 화성시,화성조암점,"경기도 화성시 우정읍 쌍봉로 76 1층, 103호",031-358-3567
217,서울 구로구,구로디지털점,"서울특별시 구로구 디지털로31길 12  1층 105,106호 (구로동 197-21)",070-7576-4842
218,경기 안성시,(상)안성맞춤휴게소점,경기도 안성시 서운면 평택제천고속도로 41 (안성맞춤휴게소평택방향) .,031-673-3822
219,전남 나주시,나주빛가람혁신도시점,전라남도 나주시 배멧3길 5-4 .,061-334-5466
220,서울 종로구,청계천점,"서울특별시 종로구  청계천로 81 1,2,3,4층",02-735-5462
221,인천 연수구,인천대입구역점,"인천광역시 연수구 인천타워대로132번길 34 (송도동) 104호,105호",032-833-2808
222,경기 남양주시,남양주진접점,"경기도 남양주시 진접읍 해밀예당1로 8-12, 가동 1~2층 /연평리 110-1",031-523-3237
223,서울 강남구,청담삼성로점,서울특별시 강남구 삼성로119길 8 (강남대청담카이로스빌딩) 1층,02-541-7755
224,경기 김포시,김포운양점,"경기도 김포시 김포한강11로255번길 15 (운양동, 김포한강이랜드타운힐스) .",031-986-2260
225,울산 남구,울산교보문고점,울산광역시 남구 화합로 185 업스퀘어 B1 교보문고내,052-990-5550
226,서울 강동구,고덕그라시움후문점,서울특별시 강동구 동남로82길 77-1 2층~4층 /고덕동 258-4,02-2088-0831
227,세종 세종시,세종가람DT점,세종특별자치시 금송로 589 (가람동) .,044-865-8882
228,대구 동구,대구봉무공원점,대구광역시 동구 단산길 4 (봉무동) 1~2층,053-984-3001
229,충북 청주시 서원구,청주산남DT점,"충청북도 청주시 서원구 1순환로 892,1,2층(산남동)",043-287-5731
230,경북 성주군,성주성밖숲점,경상북도 성주군 성주읍 성밖숲길 7 .,054-933-2222
231,강원 속초시,속초영랑해변DI점,강원도 속초시 영랑해안길 205 (영랑동 148-172) 할리스,033-637-0164
232,울산 남구,울산달동DT점,울산광역시 남구 번영로 82 (달동 1297-1) 할리스,052-275-3022
233,인천 서구,인천당하점,"인천광역시 서구 서곶로 788 (홀리랜드,1층) 당하동 1098-5",032-561-1578
234,서울 관악구,신림역점,서울특별시 관악구 신림로 313 (신림동) 2-3층,02-877-5596
235,인천 서구,인천서구청점,"인천광역시 서구 서곶로301번길 7-1 (세광빌딩) /심곡동 247-1,1층",032-569-1235
236,부산 수영구,부산광안리점,"부산광역시 수영구 광안해변로 175 (광안동 200-6, 광안에이파크오션) 1~2층",051-757-9433
237,서울 동작구,대방역점,"서울특별시 동작구 알마타길 6 (대방동, 파밀리에 하늘마루) 101호, 102호 .",02-825-6369
238,경기 남양주시,다산진건점,경기도 남양주시 다산중앙로20번길 10-44 1층  .,070-7808-1221
239,서울 강남구,강남대로논현점,"서울특별시 강남구 강남대로 520 (논현동 164번지, 영동빌딩) .",02-6012-2372
240,대전 유성구,대전호텔ICC점,대전광역시 유성구 엑스포로123번길 55 (도룡동) 1층,042-866-5104
241,서울 마포구,홍대거리점,"서울특별시 마포구 어울마당로 76-1, 2~4층 (서교동 364-19) 할리스",02-323-3795
242,부산 해운대구,부산센텀시티점,"부산광역시 해운대구 센텀2로 24 (우동, 센텀다이아몬드) 1층, 102호",051-755-9100
243,경남 창원시 성산구,창원귀산점,경상남도 창원시 성산구 삼귀로 189 귀곡동 723-21,055-266-1353
244,경기 의정부시,의정부로데오점,경기도 의정부시 행복로 28 (의정부동) 지상 1층~ 4층,031-823-0201
245,강원 속초시,속초엑스포점,강원도 속초시 청초호반로 75 (조양동) 1~3층,033-638-2123
246,경기 안산시 단원구,안산중앙역점,"경기도 안산시 단원구 광덕4로 234 (천혜로데오프라자) 107,108호",031-484-2002
247,경기 오산시,오산시청점,"경기도 오산시 성호대로 124 (신협빌딩) 101,102호",031-378-8778
248,충북 청주시 흥덕구,청주NC백화점CGV점,"충북 청주시 흥덕구 2순환로 1233 (청주NC백화점, 8층) .",070-4153-5598
249,서울 구로구,구로거리공원점,"서울특별시 구로구 구로중앙로28길 52,1~2층 구로동 109-1",02-838-7008
250,강원 양양군,낙산해수욕장점,강원도 양양군 강현면 해맞이길 18 .,033-673-0053
251,경기 안산시 상록구,안산한대앞점,"경기도 안산시 상록구 중보로 31 (이동, 썬프라자) .",031-419-2131
252,경기 양주시,양주삼숭DI점,"경기도 양주시 부흥로 2239 1,2층 삼숭동 477-1",031-848-5375
253,서울 서초구,교대역점,서울특별시 서초구 반포대로30길 81 (웅진타워) 1층 .,02-521-8944
254,경기 파주시,파주운정역점,경기도 파주시 경의로1240번길 37-1  101~3호 201~2호,031-957-6200
255,대전 동구,가오CGV점,대전광역시 동구 은어송로 72 4층(패션아일랜드) .,042-273-7400
256,충남 당진시,당진시청점,충청남도 당진시 시청2로 49-25 로고스타워 1~2층,070-8808-1040
257,전북 익산시,익산영등점,전라북도 익산시 고봉로32길 46-1 1~2층,063-918-2211
258,경기 수원시 권선구,수원SKV1모터스점,"경기도 수원시 권선구 평동로79번길 45, 1층 135호 .",031-293-8810
259,서울 구로구,구로디지털단지역점,서울특별시 구로구 디지털로32나길 38 (서림빌딩) 1층,02-851-3365
260,서울 마포구,공덕경의선숲길점,"서울특별시 마포구 백범로28길 22, 일양빌딩 신관 1층 (염리동 164-1)",02-701-3967
261,경북 칠곡군,칠곡왜관점,경상북도 칠곡군 석적읍 석적로 178-3 1~2층,054-977-8255
262,서울 마포구,홍대역2번출구점,서울특별시 마포구 동교로 200 1~3층 동교동 158-26,02-332-8079
263,경기 화성시,화성능동DT점,"경기 화성시 동탄지성로 215 1,2층 전체호(병점동)",031-221-7286
264,경남 밀양시,밀양킹콩점,"경상남도 밀양시 삼문강변로 272 (삼문동) 2,3층",055-351-0056
265,서울 강남구,코엑스점,"서울특별시 강남구 영동대로 513, 코엑스 지하 1층  C113호 (삼성동 159)  할리스  ",02-6002-3100
266,경기 고양시 덕양구,화정역점,경기도 고양시 덕양구 화신로272번길 67  장군빌딩 2층,070-7514-8707
267,전북 군산시,군산새만금산단점,전라북도 군산시 새만금북로 424 1층 104호,063-468-4100
268,경기 남양주시,다산한강점,경기도 남양주시 다산지금로 163번길 9-12 1층,031-592-3118
269,경기 고양시 덕양구,덕양구청점,경기도 고양시 덕양구 화중로104번길 8 (장원프라자) 1층 102호,070-4647-0030
270,충남 서천군,(하)서천휴게소점,충청남도 서천군 비인면 서해안고속도로 169 .,041-952-5757
271,서울 서대문구,서대문농협생명빌딩점,"서울시 서대문구 통일로 87  미근동 257, NH농협생명빌딩 동관 1층",02-364-7787
272,충북 청주시 청원구,(하)오창휴게소점,충청북도 청주시 청원구 오창읍 중부고속도로 21 (오창휴게소통영기점) .,043-217-1477
273,충북 청주시 흥덕구,(하)옥산휴게소점,충청북도 청주시 흥덕구 옥산면 경부고속도로 309 (부산방향) .,043-260-1053
274,경기 김포시,김포지식산업센터점,"경기도 김포시 태장로 795번길 145, 아셈호텔 1층 (장기동 2011-2)",070-4953-9475
275,경기 군포시,군포IT밸리점,경기도 군포시 고산로148번길 17 1층,031-8086-8211
276,전남 광양시,광양중동점,전라남도 광양시 공영로 92-1 .,061-795-6600
277,대구 달서구,대구이월드점,대구광역시 달서구 두류공원로 200 (두류동) . ,053-620-0001
278,전북 전주시 덕진구,전주아중점,"전라북도 전주시 덕진구 아중로 193 1,2층 ",063-246-2203
279,충북 청주시 상당구,청주명암레이크점,충북 청주시 상당구 명암로 32 용담동 449 ,0507-1384-9696
280,인천 중구,인천공항T1점,"인천광역시 중구 공항로 272 (운서동, 인천공항) 인천국제공항 제1여객터미널 L/S 1층",032-743-3716
281,경기 이천시,이천하이닉스점,경기도 이천시 부발읍 경충대로 2091 연구개발동 1층,031-8094-8747
282,서울 동작구,보라매병원점,서울시 동작구 보라매로5길 20 서울특별시보라매병원 희망관 1층,02-831-3085
283,광주 광산구,광주수완2호점,"광주광역시 광산구 수완로 73번길 7, 1층 (수완동)  .",062-959-3327
284,경기 이천시,(하)마장휴게소점,"경기도 이천시 마장면중부고속도로82,통영방향 /목리 산 13-32",031-630-0001
285,경기 오산시,오산수청점,경기도 오산시 내삼미로79번길 46 101~104호 어반스페이스타워 /수청동 619-1,031-377-5823
286,서울 마포구,공덕점,"서울특별시 마포구  마포대로 143 (공덕동, 마포공덕파크팰리스 Ⅱ) 1층 (114~121호)",02-701-5785
287,충남 예산군,(상)예산휴게소점,충청남도 예산군 신양면 당진영덕고속도로 33 (예산휴게소 상행) 당진 방향,없음
288,대구 달서구,대구성서점,"대구광역시 달서구 성서로 419, 국민연금대구사옥 1층 (이곡동 1198-5) 할리스",053-584-5702
289,서울 마포구,홍대역점,서울특별시 마포구 어울마당로 111 2~4층,02-323-7791
290,서울 서대문구,신촌연세로점,"서울특별시 서대문구 연세로 5, 1층 (창천동 30-7) 할리스",02-322-3684
291,경기 용인시 처인구,용인명지대점,경기도 용인시 처인구 명지로116번길 24-2 1~2층,070-4042-3118
292,전북 전주시 덕진구,국민연금공단점,전북 전주시 덕진구  기지로 170 국민연금공단 국민누리관 1층,063-221-5072
293,부산 금정구,부산금강식물원점,"부산광역시 금정구 금샘로 22. 1,2층  ",051-517-1110
294,서울 구로구,구로역점,서울특별시 구로구 새말로 18-29 (구로동) .,02-862-3216
295,서울 마포구,공덕역북카페점,"서울특별시 마포구 마포대로 100 (공덕동, 공덕역) 북카페 지하1층, 공덕동 423-29",없음
296,전북 부안군,부안격포채석강점,전라북도 부안군 변산면 채석강길 22-6 .,063-584-0011
297,대구 북구,대구관음점,"대구광역시 북구 구암로 59 비전스퀘어 1,2층 .",053-324-6122
298,대전 서구,대전가장점,"대전광역시 서구 도솔로 314  1층, 2층 (SL 빌딩)",042-365-0365
299,충남 천안시 서북구,천안쌍용점,"충청남도 천안시 서북구 미라13길 16 (쌍용동) 쌍용동 955, 성건오피스텔 1층",041-563-4700
300,서울 영등포구,FKI타워점,"서울특별시 영등포구 여의대로 24 (여의도동, 전국경제인연합회회관) 지하 1층 B109~111호 ",02-786-3485
301,서울 성동구,한양대병원점,"서울특별시 성동구 왕십리로 222-1, 한양대학교병원 본관 1층 (사근동 110, 한양대학부속병원) 할리스",02-2281-2116
302,경기 시흥시,월곶점,경기도 시흥시 월곶중앙로 63 .,031-404-7966
303,대전 서구,대전만년점,대전광역시 서구 둔산대로117번길 95 (리더스타운) 만년동 309,042-485-9777
304,경기 화성시,화성융건릉점,"경기도 화성시 효행로 501-3 1,2층",031-224-6999
305,대전 서구,대전탄방점,"대전광역시 서구 계룡로571번길 23-19 1층 102호,103호,104호 / 탄방동 688",042-482-8425
306,전북 전주시 완산구,서전주DT점,전라북도 전주시 완산구 유연로 5 A동,063-901-0802
307,경기 김포시,김포한강생태공원점,"경기도 김포시 김포한강11로 452,1~2층 운양동 1264-4",031-996-2000
308,부산 동래구,부산명륜역점,"부산광역시 동래구 온천장로 5,1층 온천동 473-10",051-557-7811
309,경기 수원시 영통구,아주대병원점,"경기도 수원시 영통구 월드컵로 164 (원천동, 아주대학병원) 아주대학교병원 본관 1층",031-211-5718
310,서울 종로구,종로5가점,서울특별시 종로구 동호로 401 .,02-2266-1989
311,서울 영등포구,여의도파이낸스타워점,"서울특별시 영등포구 국제금융로2길 32, 여의도파이낸스타워 1층(여의도동 23-8)",02-761-3154
312,경기 김포시,김포농협본점,경기도 김포시 홍도평로 20 (걸포동) 김포농협하나로마트본점 2층,031-986-7932
313,서울 종로구,서울대병원점,"서울특별시 종로구 대학로 101 (연건동, 서울대학교의과대학)",02-741-5815
314,서울 영등포구,구로디지털뉴스테이점,서울시 영등포구 시흥대로 595 104~5호,070-7547-4100
315,전북 김제시,전북김제점,전북 김제시 검산택지 5길 21-10 1층,063-547-9600
316,대구 북구,대구침산네거리점,대구광역시 북구 침산남로 157 .,053-353-5544
317,서울 종로구,센터포인트점,"서울특별시 종로구 새문안로5길 31, 센터포인트광화문빌딩 1층 (도렴동 65, 센터포인트 광화문) 할리스",02-6031-6213
318,전북 군산시,군산미장점,전라북도 군산시 미장안길 54  통큰타운3동 105호,063-442-8777
319,서울 서초구,백석예술대학교점,서울특별시 서초구 방배로9길 23 (백석예술대 신관 1층) /방배동 981-17,02-585-9150
320,전남 장흥군,전남장흥점,전라남도 장흥군 장흥읍 북부로 18 .,061-862-0119
321,경기 구리시,구리수택DI점,경기도 구리시 검배로 73 (수택동) 할리스,031-551-0988
322,서울 관악구,난곡사거리점,서울 관악구 남부순환로 1489 신림동 526-13,02-865-0012
323,경기 부천시 원미구,역곡역점,경기 부천시 부일로726번길 5 (역곡동 80) .,070-8887-4965
324,경기 오산시,오산대역DT점,경기도 오산시 경기대로 491 (수청동) 1층~3층 할리스,031-372-9750
325,경북 구미시,구미금오산DI점,경상북도 구미시 금오산로 209 (남통동) 할리스커피 구미금오산점 ,054-441-4452
326,경기 화성시,(하)매송휴게소점,경기 화성시 매송면 서해안고속도로 315 목포방향 .,031-296-1501
327,경기 화성시,(상)매송휴게소점,경기 화성시 매송면 서해안고속도로 316 서울방향 .,031-296-1501
328,전북 전주시 완산구,전주남천교점,전라북도 전주시 완산구 천서로 81  동서학동 66,063-232-6000
329,강원 홍천군,(하)홍천휴게소점,강원도 홍천군 화촌면 서울양양고속도로 84 1층,.
330,대구 중구,대구동성로점,"대구광역시 중구 동성로6길 32, B1~2층 (공평동 52-2) 할리스",053-252-6307
331,인천 남구,인천주안역점,"인천광역시 미추홀구 주안로 105 1,2층 (주안동 130-10) ",032-425-1793
332,울산 남구,울산삼산대로점,울산광역시 남구 정동로 71 (삼산동),052-293-2234
333,대구 동구,동대구환승센터점,"대구광역시 동구 동부로 149 (신천동, 신세계동대구복합환승센터) 3층",053-742-0614
334,충북 괴산군,(하)괴산휴게소점,충북 괴산군 장연면 중부내륙고속도로 205 괴산(마산방향)휴게소  할리스커피,043-832-7966
335,전남 보성군,(상)보성녹차휴게소점,전라남도 보성군 미력면 남해고속도로 63 (보성녹차(목포)주유소) 목포방향,070-4325-8801
336,전남 보성군,(하)보성녹차휴게소점,전남 보성군 겸백면 남해고속도로 70 .,070-4325-8808
337,서울 강남구,선릉샹제리제점,"서울특별시 강남구 테헤란로 406 (대치동, 샹제리제센터) A동 1층",02-501-4255
338,인천 연수구,인천연수CGV점,인천 연수구 청능대로 210 (스퀘어원 4층) 동춘동 926 ,032-456-4499
339,경북 김천시,(상)추풍령휴게소점,경북 김천시 봉산면 경부고속도로 214-1 광천리 737-1 (서울방향),054-439-3187
340,서울 서초구,(하)만남의광장점,서울특별시 서초구 양재대로12길 73-71 (만남의광장) .,02-578-3372
341,경기 시흥시,시흥하늘휴게소점,"경기도 시흥시 수도권제1순환고속도로 105-1 조남동 15-10, 2층(일산방향)",유선없음
342,전남 무안군,남악신도시점,"전라남도 무안군 삼향읍 남악로 234 트리폴리앙 B동 1, 108호~109호 .",061-282-8280
343,부산 기장군,(상)장안휴게소점,부산광역시 기장군 장안읍 동해고속도로 26  ,051-727-3714
344,부산 기장군,(하)장안휴게소점,부산광역시 기장군 장안읍 동해고속도로 25 .,051-727-3647
345,광주 북구,광주일곡점,광주광역시 북구 송해로 81 1~3층 /일곡동 821-5  ,070-7716-0123
346,충남 당진시,당진푸르지오점,충청남도 당진시 읍내동 1590 1층 희은빌라 .,041-354-2004
347,전남 목포시,목포하당점,전라남도 목포시 비파로51번길 37 .,061-283-9800
348,경기 남양주시,별내카페거리점,경기도 남양주시 두물로39번길 33 1층,031-574-5655
349,경기 파주시,파주탄현점,"경기도 파주시 탄현면 방촌로 1017 1,2층",031-957-9477
350,광주 광산구,광주우산점,광주광역시 광산구 풍영철길로 12 1~2층,062-956-6582
351,경기 수원시 팔달구,수원인계점,경기도 수원시 팔달구 인계로138번길 49 /인계동 1038-12,031-222-6842
352,부산 동구,동부산우체국점,"부산광역시 동구 조방로 15, 1층  .",051-631-3193
353,경기 안성시,안성팜랜드점,"경기도 안성시 공도읍 대신두길 28, 안성팜랜드 .",070-4228-7345
354,경남 양산시,양산원동점,경상남도 양산시 원동면 원동로 1429 .,055-372-0268
355,인천 서구,인천엠파크허브점,"인천광역시 서구 염곡로 52, 엠파크 허브동 103호 (가좌동 150-19) .",032-265-0103
356,광주 광산구,광주운남점,광주광역시 광산구 하남대로 248-13 (운남동 771-3 ) 대영빌딩 1층,062-951-5979
357,충남 천안시 동남구,동천안우체국점,"충청남도 천안시 동남구 청수5로 10, 1층 .",041-522-5024
358,경남 사천시,(상)사천휴게소점,경상남도 사천시 곤양면 묵실길 31-11 (순천방향) .,055-854-3574
359,경남 사천시,(하)사천휴게소점,경상남도 사천시 곤양면 서삼로 619 (부산방향) .,055-854-3134
360,전북 전주시 완산구,전북도청점,"전라북도 전주시 완산구 홍산남로 51, 102~103호 일부(효자동3가) .",063-228-4005
361,전북 부안군,전북부안점,"전라북도 부안군 부안읍 석정로 269, 1층 .",063-581-0620
362,강원 동해시,동해촛대바위점,강원도 동해시 촛대바위길 16 (추암동 1-6) 1~2층,033-522-0117
363,부산 서구,부산송도점,부산광역시 서구 송도해변로 61-1 .,051-255-6100
364,경기 평택시,평택서재점,"경기도 평택시 서재로 26-24 1,2층 동삭동 711-14",031-651-2750
365,강원 원주시,원주단계택지점,강원도 원주시 장미공원길 27-9 .,033-745-5007
366,서울 강남구,수서점,"서울특별시 강남구 밤고개로1길 10 지하1층,123호,125호(수서현대벤쳐빌) .",02-451-0723
367,경기 수원시 권선구,수원오목천점,경기도 수원시 권선구 서수원로 179 1~2층,031-291-7933
368,대구 군위군,(상)군위휴게소점,대구광역시 군위군 군위읍 경북대로 4084 부산방향,054-383-6114
369,전북 남원시,(상)지리산휴게소점,전라북도 남원시 아영면 광주대구고속도로 76 (대구방면),063-636-7191
370,전북 남원시,(하)지리산휴게소점,전라북도 남원시 아영면 광주대구고속도로 75 (지리산휴게소(하)광주방면) .,063-636-7195
371,전남 여수시,여수웅천점,전라남도 여수시 예울마루로 35-24 웅천동 1699-3,061-681-2522
372,경북 성주군,(상)남성주휴게소점,"경상북도 성주군 용암면 중부내륙고속도로 76 (본리리, 남성주(양평방향)휴게소) 양평방향",054-931-5742
373,서울 서초구,고속터미널영동선점,서울특별시 서초구 신반포로 194 (강남고속버스터미널) 2층 A-2호,02-591-1555
374,충북 옥천군,(상)옥천휴게소점,"충청북도 옥천군 옥천읍 옥천동이로 242-34 (매화리, 옥천상휴게소) .",043-731-8096
375,세종 세종시,세종어진점,"세종특별자치시 절재로 194 (어진동, 중앙타운) 133호,214호 .",070-7766-1589
376,대구 북구,대구동천점,대구광역시 북구 동천로 125 .,053-321-0099
377,경북 성주군,(하)남성주휴게소점,"경상북도 성주군 선남면 중부내륙고속도로 77 (명포리, 남성주(창원방향)휴게소) 창원방향",054-933-7105
378,경기 안양시 만안구,안양역점,경기도 안양시 만안구 장내로139번길 61 .,031-466-2879
379,대전 유성구,대전도안마을점,"대전광역시 유성구 도안대로 560 (봉명동, 도안마을1단지) .",042-826-6080
380,충남 아산시,아산우체국점,충청남도 아산시 시민로 455 (아산우체국) 온천동 1585,041-548-5024
381,서울 금천구,가산디지털단지점,서울특별시 금천구 가산디지털1로 186 (제이플라츠) /가산동 459-11,02-2028-7111
382,전남 목포시,목포평화점,전라남도 목포시 미항로 129 1-2층 .,061-285-0365
383,충북 단양군,(하)단양휴게소점,충청북도 단양군 적성면 기동리 산 74-1 (부산방향) /기동리 423-1,043-423-5401
384,전북 고창군,전북고창점,전라북도 고창군 고창읍 중앙로 195 .,063-564-3357
385,경남 거창군,(상)거창휴게소점,"경상남도 거창군 가조면 가조가야로 1523 (도리, 거창휴게소(상)) .",055-943-0992
386,경남 양산시,(서)양산휴게소점,"경상남도 양산시 동면 목장길 15-50 (내송리, 양산휴게소) .",055-384-0144
387,경남 거창군,(하)거창휴게소점,경상남도 거창군 가조면 가조가야로 1543-81 .,055-943-0992
388,경기 안양시 동안구,평촌스마트스퀘어점,"경기도 안양시 동안구 시민대로 311, 110호/111호(관양동, 금강스마트빌딩) .",031-421-8097
389,경기 안성시,(하)안성휴게소점,경기도 안성시 원곡면 경부고속도로 365 안성휴게소(부산방향) .,031-655-0531
390,경기 의정부시,의정부시청점,"경기도 의정부시 시민로 57, 1층 동원빌딩",031-826-0009
391,충남 천안시 서북구,천안두정점,"충청남도 천안시 서북구 오성6길 52,세윤빌딩 1층 /두정동 779",041-574-0013
392,경기 평택시,평택점,경기도 평택시 평택1로 11 .,031-651-1223
393,충북 진천군,충북진천점,충청북도 진천군 진천읍 중앙북로 28 2층 .,043-534-8584
394,경기 김포시,김포골드밸리점,"경기도 김포시 양촌읍 황금로109번길 27 1층, 동양프라자",031-998-7233
395,서울 서초구,남부터미널점,서울특별시 서초구 서초중앙로 52 (영진빌딩 1층) .,02-584-9500
396,서울 강동구,고덕리앤파크점,서울특별시 강동구 상일로 151 1층(고덕동 182) .,02-441-1121
397,전북 전주시 덕진구,송천솔내점,"전라북도 전주시 덕진구 붓내3길 17 송천동 2가 244-10, 1층",063-291-8000
398,서울 강남구,한티역점,서울특별시 강남구 도곡로 414 (삼성빌딩) 1층 /대치동 1024-2,02-538-8886
399,광주 광산구,광주첨단점,광주광역시 광산구 첨단중앙로 136 1층 .,062-434-0200
400,서울 중구,충정래미안점,서울특별시 중구 중림로 21 (더플레이스충정로) B204호,02-363-1388
401,경기 성남시 분당구,동판교M타워점,"경기도 성남시 분당구 판교역로241번길 22, 1층 .",031-8017-7557
402,서울 동작구,노량진역점,서울특별시 동작구 노량진로 157 2-5층,02-827-0280
403,충북 청주시 흥덕구,충북대점,충청북도 청주시 흥덕구 내수동로 53 1~2층 / 복대동 873-10,043-266-2248
404,대구 군위군,(하)군위휴게소점,대구광역시 군위군 군위읍 경북대로 4082 춘천방향,054-383-7114
405,서울 강동구,굽은다리역점,"서울특별시 강동구 양재대로 1591 , 1층 (천호동 31-2)",02-488-5077
406,인천 연수구,송도IT점,"인천 연수구 송도과학로 32, 송도테크노파크IT센터 1층-A104호 .",032-209-7979
407,경북 문경시,(하)문경휴게소점,경상북도 문경시 중부내륙고속도로 173 .,054-554-1655
408,서울 관악구,서울대사거리점,"서울특별시 관악구 관악로 172, 2층 봉천동 857-4",02-877-6070
409,서울 강남구,도심공항점,"서울특별시 강남구 테헤란로87길 22 (삼성동, 한국도심공항터미널, 2층)   203호",02-2016-5400
410,서울 종로구,광화문LG점,"서울특별시 종로구 새문안로 58 (신문로2가, LG광화문빌딩) 1층, 지하1층",02-720-6994
411,서울 광진구,건대입구점,서울특별시 광진구 아차산로 235 (화양동)  235 (화양동),02-463-1983
412,서울 강남구,청담점,서울특별시 강남구 학동로 517 1층,02-515-9915
413,서울 동작구,이수역점,"서울특별시 동작구 동작대로 83 (사당동, 헤라피스빌딩) B1~1층",02-588-4845
414,서울 서초구,방배점,"서울특별시 서초구 남부순환로 2335 (방배동, 옥스포드빌딩) .",02-581-4858
415,경기 성남시 분당구,분당서현점,"경기도 성남시 분당구 황새울로 315, 1층 104 (대현빌딩) .",031-781-6254
416,경기 부천시 원미구,부천중동점,"경기도 부천시 원미구 소향로 203, 매트로펠리스 B동 1층 109-110호 /중동 1152-3 ",032-325-6766
417,서울 광진구,테크노마트점,"서울특별시 광진구 광나루로56길 85, 9층 14호 (테크노마트21) .",02-3424-8484
418,경기 군포시,산본점,경기도 군포시 번영로 505 1층 (대우디오플러스)  ,031-392-5999
419,광주 동구,광주충장로점,광주광역시 동구 충장로안길 43 충장로1가 23,062-223-0688
420,서울 강남구,역삼스타점,"서울특별시 강남구 테헤란로26길 12, 1층 (역삼동 736-56) 할리스",02-501-4142
421,부산 남구,부산경성대2호점,"부산광역시 남구 수영로 306, 3층 (대연동 72-1) 할리스",051-611-3021
422,서울 강서구,김포공항점,서울특별시 강서구 하늘길 112 김포공항 국내선청사 1층,02-2064-0312
423,서울 영등포구,여의도하나증권점,서울특별시 영등포구  의사당대로 82 1층 할리스,02-761-7231
424,부산 해운대구,부산송정DI점,부산광역시 해운대구 송정광어골로 77 (송정동 443-5) 할리스,051-701-5591
425,서울 광진구,광나루역점,"서울특별시 광진구 천호대로 808, 광장현대홈타운 제1202동 상가 1층 (광장동 580) 할리스",02-444-0542
426,서울 강남구,세로수길점,서울특별시 강남구 강남대로152길 41 (신사동 536-6) 할리스,02-511-1473
427,서울 양천구,목동점,"서울특별시 양천구 목동서로 159-1 CBS 1,2층 CBS 1,2층 할리스",02-2062-1063
428,광주 서구,광주아울렛점,광주광역시 서구  상무대로 633,062-385-5122
429,울산 남구,울산디자인거리점,울산광역시 남구 돋질로302번길 38 (삼산동 1575-22) 할리스,052-256-0566
430,서울 영등포구,당산역점,서울특별시 영등포구 당산로 219 ,02-2631-3446
431,경기 의왕시,의왕현대연구소점,"경기도 의왕시 철도박물관로 37, 1층 (삼동, 현대자동차그룹의왕연구소)",031-462-9065
432,부산 동래구,부산동래역점,"부산광역시 동래구 삼성대길 34-25, 1~3층 (명륜동 502-4) 할리스",051-552-2990
433,서울 송파구,잠실광고회관점,"서울특별시 송파구 올림픽로35길 137, 한국방송문화회관 1층 (신천동 7-11) 할리스",02-2144-0888
434,경남 창원시 성산구,창원상남점,경상남도 창원시 성산구 마디미로31번길 3 (상남동 상남동 18-9) 할리스,055-261-5955
435,서울 송파구,배명사거리점,"서울특별시 송파구 백제고분로 275, 1층 (석촌동 14-7) 할리스",02-422-4915
436,서울 노원구,노원문화의거리점,서울특별시 노원구 노해로81길 22-26 할리스,02-935-8231
437,부산 해운대구,부산해운대점,"부산광역시 해운대구 해운대해변로 277, 다옴빌딩 1~2층 (중1동 1412-7) 할리스",051-746-1463
438,서울 강남구,도곡점,"서울특별시 강남구 논현로28길 54, 덕원빌딩 1층 (도곡동 422-2) 할리스",02-6204-3311
439,부산 남구,부산경성대점,"부산광역시 남구 용소로 7, 청라빌딩 2~3층 (대연동 56-8) 할리스",051-611-6893
440,인천 연수구,인천한옥마을점,"인천광역시 연수구 테크노파크로 180, 다동 지상1층(송도동) ",032-831-0337
441,서울 강남구,강남역점,"서울특별시 강남구 강남대로 402, 시계탑빌딩 B1~1층 (역삼동 820-11)  할리스",02-555-0890
442,대전 서구,대전둔산청솔점,대전광역시 서구 둔산로 223 제상가 2동 할리스,042-489-7990
443,서울 용산구,용산더프라임점,서울특별시 용산구 원효로90길 11 더프라임타워 업무동 1층,02-6362-7990
444,경남 창원시 마산회원구,마산터미널점,"경상남도 창원시 마산회원구 합성옛길 159, 마산시외버스터미널 1층(합성동 267) 할리스",055-251-5698
445,서울 종로구,세종로점,"서울특별시 종로구 세종대로 161, 2~3층 (세종로 200) 할리스",02-720-5582
446,경기 수원시 팔달구,수원역점,경기도 수원시 팔달구 향교로 6 (매산로1가),031-257-3313
447,경기 성남시 분당구,성남터미널점,"경기도 성남시 분당구  성남대로925번길 16 (야탑동, 분당종합터미널) 1층 할리스 ",070-4651-0140
448,서울 마포구,합정역점,서울특별시 마포구 양화로 36 (합정동 374-1) 할리스,02-6204-1234
449,서울 관악구,신림점,서울특별시 관악구 신림로 353-1,02-877-0019
